Pos Now,Pos Prev,Player Name,Carpe Diem Points,Handicap Index,Rounds Played,Points BF,Points Chg,Added,Bon,Pen,Nett,Low Pts,High Pts,Hcp BF,Hcp Chg,Last Card,Days At Top,Lead Prev,Lead Now,Comment,Season,Last Loaded,Champion,Season End,Days Left
1,1,Andy,0.0,11.1,0,0.0,0.0,0.0,0.0,0.0,0.0,,,10.8,0.3,26/04/2026,327,47.32,0.0,,2026/27,Wed 29-Apr-2026,Clayton Halley,30/04/2027,207
2,2,Hans,0.0,25.8,0,0.0,0.0,0.0,0.0,0.0,0.0,,,30.8,-5.0,26/04/2026,,,,,,,,,
3,3,Neil,0.0,15.7,0,0.0,0.0,0.0,0.0,0.0,0.0,,,15.7,0.0,28/04/2026,,,,,,,,,
4,4,Steve,0.0,13.2,0,0.0,0.0,0.0,0.0,0.0,0.0,,,14.9,-1.7,29/04/2026,,,,,,,,,
5,5,Derek,0.0,9.6,0,0.0,0.0,0.0,0.0,0.0,0.0,,,8.7,0.9,20/04/2026,,,,,,,,,
6,6,Clayton,0.0,11.4,0,0.0,0.0,0.0,0.0,0.0,0.0,,,11.2,0.2,23/04/2026,,,,,,,,,
7,7,Ian,0.0,19.2,0,0.0,0.0,0.0,0.0,0.0,0.0,,,20.4,-1.2,26/04/2026,,,,,,,,,
8,8,Sean,0.0,10.3,0,0.0,0.0,0.0,0.0,0.0,0.0,,,11.0,-0.7,23/04/2026,,,,,,,,,
9,9,Graham,0.0,14.9,0,0.0,0.0,0.0,0.0,0.0,0.0,,,13.9,1.0,05/04/2026,,,,,,,,,
10,10,Marc,0.0,14.6,0,0.0,0.0,0.0,0.0,0.0,0.0,,,14.8,-0.2,19/04/2026,,,,,,,,,
11,11,Richard,0.0,20.9,0,0.0,0.0,0.0,0.0,0.0,0.0,,,20.8,0.1,26/04/2026,,,,,,,,,
12,12,Peter,0.0,23.7,0,0.0,0.0,0.0,0.0,0.0,0.0,,,23.7,0.0,28/04/2026,,,,,,,,,
13,13,Matt,0.0,17.3,0,0.0,0.0,0.0,0.0,0.0,0.0,,,15.4,1.9,27/04/2026,,,,,,,,,
14,14,John,0.0,11.7,0,0.0,0.0,0.0,0.0,0.0,0.0,,,11.8,-0.1,29/04/2026,,,,,,,,,
15,15,Tim,0.0,13.2,0,0.0,0.0,0.0,0.0,0.0,0.0,,,18.5,-5.3,21/04/2026,,,,,,,,,
